Finess,Raison sociale
010007300,"CLINIQUE AMBULATOIRE CENDANEG"
010007987,"CH HAUTEVILLE-LOMPNES"
010008407,"CH DU HAUT BUGEY"
010009132,"CHIC AIN VAL DE SAONE"
010780054,"CH BOURG EN BRESSE"
010780062,"CH BUGEY SUD"
010780096,"CH MONTPENSIER TREVOUX"
010780120,"CH DE MEXIMIEUX"
010780138,"CH DE PONT DE VAUX"
010780195,"CLINIQUE CONVERT BOURG-EN-B."
010780203,"HÔPITAL PRIVÉ D'AMBERIEU"
010780294,"NEPHROCARE CH BELLEY"
020000022,"CH DE GUISE"
020000048,"CH GERONTOLOGIQUE"
020000055,"CH NOUVION EN THIERACHE"
020000063,"CH DE SAINT QUENTIN"
020000071,"CH DE VERVINS"
020000253,"CH DE LAON"
020000261,"CH DE SOISSONS"
020000287,"CH DE CHAUNY"
020000360,"CLINIQUE SAINT CHRISTOPHE"
020004404,"CH DE CHATEAU-THIERRY"
020004495,"CH BRISSET HIRSON"
020010047,"POLYCLINIQUE ST CLAUDE"
030002158,"CH DPT COEUR DU BOURBONNAIS"
030780092,"CH MOULINS YZEURE"
030780100,"CH DE MONTLUCON NERIS-LES-BAINS"
030780118,"CH VICHY"
030780126,"CH DE BOURBON L'ARCHAMBAULT"
030780548,"POLYCLINIQUE PERGOLA - VICHY"
030781116,"CLINIQUE ST-FRANC ST ANT -DESERTINE"
030785430,"POLYCLINIQUE ST-ODILON - MOULINS"
040780132,"EPS PIERRE GROUES DE BARCELONNETTE"
040780140,"EPS DUCELIA CASTELLANE"
040780215,"CHIC DE MANOSQUE LOUIS RAFFALLI"
040780231,"EPS LUMIERE DE RIEZ"
040780249,"EPS VALLEE DE LA BLANCHE"
040780470,"CLINIQUE CHIRURGICALE TOUTES AURES"
040784860,"CENTRE D'HEMODIALYSE DES ALPES"
040788879,"CH DIGNE"
050000090,"CLINIQUE DES HAUTES-ALPES"
050000108,"CH AIGUILLES QUEYRAS"
050000116,"CH DE BRIANCON"
050000124,"CH D'EMBRUN"
050002948,"CHICAS GAP-SISTERON"
050007145,"CH BUECH DURANCE"
050007533,"INSTITUT PAOLI CALMETTES RADIOTH GAP"
060000528,"CENTRE ANTOINE LACASSAGNE"
060006889,"HÔPITAUX DE LA VESUBIE"
060010949,"AGAHTIR UDM ANTIBES"
060021276,"AGAHTIR CENTRE D'HEMODIALYSE"
060021417,"HÔPITAL PRIVÉ CANNES OXFORD"
060022845,"UNITÉ DIALYSE MEDICALISEE INST TZANCK"
060780327,"CH SAINT MAUR SAINT ETIENNE TINEE"
060780442,"CLINIQUE SAINT FRANCOIS"
060780491,"INSTITUT ARNAULT TZANCK"
060780517,"POLYCLINIQUE SAINT-JEAN"
060780590,"CLINIQUE DU PALAIS"
060780657,"CH DE BREIL SUR ROYA"
060780665,"CLINIQUE LE MERIDIEN"
060780699,"CLINIQUE MOZART"
060780715,"CLINIQUE SAINT GEORGE"
060780723,"CLINIQUE DU PARC IMPERIAL"
060780756,"CLINIQUE SANTA MARIA"
060780780,"CH DU PAYS DE LA ROUDOULE A PUGET"
060780897,"CH DE GRASSE"
060780905,"CH ST ELOI DE SOSPEL"
060780921,"CH ST LAZARE DE TENDE"
060780947,"HÔPITAUX PEDIATRIQUES NICE CHU LENVAL"
060780954,"CH ANTIBES-JUAN LES PINS"
060780988,"CH DE CANNES"
060781200,"CLINIQUE SAINT ANTOINE"
060785011,"CHU DE NICE"
060785219,"CLINIQUE PLEIN CIEL"
060791761,"CH LA PALMOSA MENTON"
060791811,"HÔPITAL PRIVÉ GERIATRIQUE LES SOURCES"
060791860,"CENTRE D'HEMODIALYSE A TZANCK"
060792900,"A TZANCK AUTODIALYSE MOUGINS"
060792926,"CENTRE D'HEMODIALYSE LA RIVIERA ANTIBES"
060794013,"CENTRE CARDIO MEDICO CHIRURGICAL TZANCK"
060800166,"HP A. TZANCK MOUGINS SOPHIA ANTIPOLIS"
070000096,"HÔPITAL DE MOZE"
070002878,"CH DE PRIVAS ARDECHE"
070004742,"CH DE LARGENTIERE"
070005558,"CH BOURG SAINT ANDEOL"
070005566,"CH D'ARDECHE MERIDIONALE"
070780101,"CH JOS JULLIEN"
070780119,"CH VALLON PONT D'ARC"
070780127,"CH DE VILLENEUVE DE BERG"
070780150,"CH DU CHEYLARD"
070780168,"CLINIQUE DU VIVARAIS"
070780218,"CH LEOPOLD OLLIER"
070780358,"CH D'ARDECHE NORD"
070780366,"CH DE LAMASTRE"
070780374,"CH DE TOURNON"
070780382,"CH DE SAINT FELICIEN"
070780408,"CLINIQUE DES CEVENNES"
070780424,"CLINIQUE PASTEUR"
080000037,"CH DE SEDAN"
080000060,"HL FUMAY"
080000078,"HL NOUZONVILLE"
080000615,"CH CHARLEVILLE MEZIERES"
080001969,"GROUPEMENT HOSPITALIER SUD ARDENNES"
080010267,"GCS TERRITORIAL ARDENNE NORD"
080010465,"GCS TERRIT ARDEN NORD SITE CH SEDAN"
080010473,"GCS TERRIT ARDEN NORD SITE CH CHARLEVI"
090780107,"CH LAVELANET"
090781774,"CHIC DU VAL D ARIEGE"
090781816,"CH ARIEGE COUSERANS"
100000017,"CH DE TROYES"
100000041,"HL BAR SUR AUBE"
100000058,"HL BAR S/SEINE"
100000082,"CLINIQUE PAYS DE SEINE"
100000124,"POLYCLINIQUE MONTIER LA CELLE"
100000157,"CLINIQUE DES URSULINES"
100002351,"CLINIQUE DE CHAMPAGNE - TROYES"
100006279,"GROUPEMENT HOSPITALIER AUBE MARNE"
110007259,"UDM HÔPITAL PRIVÉ DU GRAND NARBONNE"
110780061,"CH CARCASSONNE"
110780087,"CH CASTELNAUDARY"
110780137,"CH NARBONNE"
110780228,"HÔPITAL PRIVÉ DU GRAND NARBONNE"
110780483,"CLINIQUE MONTREAL"
110780707,"HL LIMOUX QUILLAN"
110780772,"CH LEZIGNAN-CORBIERES"
120004528,"CH DE MILLAU"
120004619,"CH EMILE BOREL"
120780044,"CH RODEZ"
120780069,"CH VILLEFRANCHE-DE-ROUERGUE"
120780085,"CH DECAZEVILLE"
120780093,"HÔPITAL ST-GENIEZ- D'OLT"
120780101,"HÔPITAL D'ESPALION"
130001647,"INSTITUT PAOLI - CALMETTES"
130001928,"CH MONTOLIVET"
130002694,"CLINIQUE JEAN PAOLI"
130008253,"CLINIQUE DE VITROLLES"
130028228,"HÔPITAUX DES PORTES DE CAMARGUE"
130034531,"DIAVERUM PROVENCE ARLES"
130037922,"HPC RESIDENCE DU PARC"
130038003,"DIALYSAIX - CENTRE D'HÉMODIALYSE D'AIX EN PROVENCE"
130041767,"EUROMED CARDIO"
130041916,"CH DU PAYS D'AIX CHI AIX PERTUIS"
130042096,"GCS CENTRE CARDIO AXIUM RAMBO"
130043664,"HÔPITAL EUROPEEN DESBIEF AMBROISE PARE"
130044753,"CLINIQUE MONTICELLI VELODROME"
130781255,"CLINIQUE SAINT-THOMAS"
130781289,"POLYCLINIQUE DU PARC RAMBOT LA PROVENCALE"
130781339,"CH D'ALLAUCH"
130781370,"CLINIQUE JEANNE D'ARC"
130781446,"CH D'AUBAGNE"
130781479,"CLINIQUE LA CASAMANCE"
130781867,"CLINIQUE DE LA CIOTAT"
130782071,"CLINIQUE DE L'ETANG DE L'OLIVIER"
130782147,"CLINIQUE GENERALE DE MARIGNANE"
130782162,"CLINIQUE DE MARTIGUES"
130782634,"CH DE SALON"
130782675,"CLINIQUE CHIRURGICALE DU DR VIGNOLI"
130783152,"CLINIQUE SPEC. STE ELISABETH"
130783327,"CLINIQUE BOUCHARD"
130783665,"CLINIQUE DE BONNEVEINE"
130783723,"CLINIQUE JUGE"
130783962,"CLINIQUE WULFRAN PUGET"
130784051,"POLYCLINIQUE CLAIRVAL"
130784226,"HÔPITAL HENRI GASTAUT"
130784481,"DIAVERUM PROVENCE MARSEILLE 8E"
130784713,"CLINIQUE BEAUREGARD"
130784903,"CLINIQUE MÉDICO-CHIRURGICALE LA PHOCEANNE"
130785389,"CLINIQUE CHANTECLER"
130785512,"CH DE LA CIOTAT"
130785652,"HÔPITAL SAINT JOSEPH"
130785678,"CLINIQUE VERT COTEAU"
130786049,"AP-HM"
130786361,"POLYCLINIQUE DU PARC RAMBOT"
130786445,"ETOILE MATERNITE CATHOLIQUE"
130786742,"HÔPITAL D'INSTRUCTION DES ARMÉES LAVERAN"
130789159,"CENTRE CARDIO-VASCULAIRE VALMANT"
130789274,"CH D'ARLES"
130789316,"CH DE MARTIGUES"
130809809,"CENTRE D'HEMODIALYSE DE PROVENCE"
130810740,"CLINIQUE AXIUM"
130811102,"CENTRE DE SOINS PALLIATIFS LA MAISON"
140000035,"CH DE LISIEUX"
140000084,"CH AUNAY S/ODON"
140000092,"CH AUNAY-BAYEUX - CENTRE HOSPITALIER"
140000100,"CHU COTE DE NACRE CAEN"
140000118,"CH DE FALAISE"
140000159,"CH DE VIRE"
140000290,"CLINIQUE NOTRE-DAME"
140000340,"FONDATION DE LA MISÉRICORDE HÉROUVILLE SAINT CLAIR"
140000555,"CLCC FRANÇOIS BACLESSE"
140002452,"CLINIQUE MISERICORDE- CAEN"
140016759,"POLYCLINIQUE DU PARC"
140017237,"CH PRIVÉ ST MARTIN CAEN"
140018730,"POLYCLINIQUE DE LISIEUX"
140026279,"CH DE LA CÔTE FLEURIE"
140026709,"POLYCLINIQUE DE DEAUVILLE-CRICQUEBOEUF"
150780047,"CH DE CONDAT EN FENIERS"
150780088,"CH ST-FLOUR"
150780096,"CH HENRI MONDOR AURILLAC"
150780120,"CLINIQUE DU HAUT CANTAL"
150780468,"CH MAURIAC"
150780500,"CH DE MURAT"
150780732,"CENTRE MÉDICO-CHIRURGICAL AURILLAC"
160000121,"CH DE LA ROCHEFOUCAULD"
160000170,"CLINIQUE SAINT JOSEPH ANGOULEME"
160000279,"CLINIQUE DE COGNAC"
160000451,"CH ANGOULEME"
160000485,"CH DE CONFOLENS"
160000493,"CH DE RUFFEC"
160000519,"CH DE CHATEAUNEUF"
160006037,"CH HÔPITAUX DU SUD CHARENTE"
160013207,"CENTRE CLINICAL"
160014411,"HÔPITAUX DE GRAND COGNAC"
170024194,"GROUPEMENT HOSPITALIER DE LA ROCHELLE-RE-AUNIS"
170780050,"CH DE JONZAC"
170780142,"CH ST PIERRE OLERON"
170780167,"CH DE SAINT-JEAN-D'ANGELY"
170780175,"CH DE SAINTONGE - SAINTES"
170780191,"CH ROYAN-ATLANTIQUE"
170780225,"CH ROCHEFORT"
170780266,"CH DE BOSCAMNANT"
170780563,"ÉTABLISSEMENT DE SOINS PASTEUR - ROYAN"
170780613,"SA CLINIQUE DU MAIL"
170780621,"POLYCLINIQUE SAINT-GEORGES"
170780647,"CLINIQUE RICHELIEU - SAINTES"
170780662,"CLINIQUE DE L'ATLANTIQUE"
180000028,"CH J. COEUR BOURGES"
180000051,"CH VIERZON"
180000069,"CH ST AMAND MONTROND"
180000358,"CLINIQUE DES GRAINETIERES"
180004145,"HÔPITAL PRIVÉ GUILLAUME DE VARYE"
190000042,"CH DUBOIS BRIVE"
190000059,"CH COEUR DE CORREZE"
190000067,"HL BORT LES ORGUES"
190000075,"CH USSEL"
190000224,"CLINIQUE LES CEDRES BRIVE"
190000257,"CLINIQUE SAINT-GERMAIN BRIVE"
190010553,"UNITÉ DE DIALYSE BRIVE"
200200145,"POLYCLINIQUE LA RESIDENCE"
210011847,"POLYCLINIQUE DU PARC DREVON"
210012142,"CH DE LA HAUTE COTE-D'OR - CH-HCO"
210012175,"HOSPICES CIVILS DE BEAUNE"
210012670,"HÔPITAL PRIVÉ DIJON BOURGOGNE"
210780110,"CLINIQUE SAINTE MARTHE"
210780136,"CLINIQUE MÉDICO-CHIRURGICALE DE CHENOVE"
210780581,"CHU DIJON BOURGOGNE"
210780607,"CHS DE LA CHARTREUSE"
210780631,"CH D'IS-SUR-TILLE"
210780706,"CH ROBERT MORLEVAT SEMUR EN AUXOIS"
210780789,"CLINIQUE MUTUALISTE BENIGNE JOLY"
210780979,"CLINIQUE DE FONTAINE"
210987731,"CLCC GEORGES-FRANCOIS LECLERC"
220000020,"CH ST BRIEUC"
220000046,"CH RENÉ PLÉVEN DINAN"
220000079,"CH GUINGAMP"
220000103,"CH LANNION"
220000111,"POLYCLINIQUE DU TREGOR"
220000152,"CH PAIMPOL"
220000236,"CH PLOUGUERNÉVEL"
220005045,"CH TREGUIER"
220005599,"POLYCLINIQUE DU PAYS DE RANCE"
220013106,"UNITÉ DIALYSE BEGARD AUB SANTÉ"
220013130,"UNITÉ D'AUTODIALYSE PAIMPOL - AUB"
220013155,"UNITÉ D'AUTODIALYSE SAINT ALBAN - AUB"
220016778,"UNITÉ DIALYSE SAINT BRIEUC AUB SANTÉ"
220019558,"UNIT DIALYSE LA BEAUCHÉE ST BRIEUC AUB"
220019848,"UNITÉ DIALYSE LOUDEAC AUB SANTÉ"
220020507,"UNITÉ DIALYSE LANNION AUB SANTÉ"
220021968,"CH DE LAMBALLE"
220021976,"UNITÉ DIALYSE DINAN AUB SANTÉ"
220022800,"HÔPITAL PRIVÉ DES COTES D'ARMOR"
230780041,"CH GUERET"
230780058,"CH AUBUSSON"
230780066,"CH BERNARD DESPLAS BOURGANEUF"
230780082,"CENTRE MÉDICAL NATIONAL STE FEYRE"
230780157,"CLINIQUE DE LA MARCHE GUERET"
240000042,"CH DE BELVES"
240000059,"CH BERGERAC"
240000067,"CH DE DOMME"
240000075,"CH D'EXCIDEUIL"
240000083,"CH DE VAUCLAIRE"
240000109,"CH DE NONTRON"
240000117,"CH DE PERIGUEUX"
240000141,"CH DE ST ASTIER"
240000190,"POLYCLINIQUE FRANCHEVILLE"
240000208,"CLINIQUE PASTEUR"
240000216,"CLINIQUE DU PARC"
240000448,"CH JEAN LECLAIRE"
240006734,"CENTRE D'HEMODIALYSE FRANCHEVILLE"
240016055,"CHIC RIBERAC DRONNE DOUBLE"
250000015,"CHU BESANCON"
250000221,"CH PAUL NAPPEZ MORTEAU"
250000239,"CH SAINTE CROIX BAUME LES DAMES"
250000270,"CLINIQUE SAINT-VINCENT"
250000452,"CHIC DE HAUTE-COMTÉ"
250000478,"CH SAINT LOUIS ORNANS"
250011848,"POLYCLINIQUE DE FRANCHE COMTE"
260000021,"CH DE VALENCE"
260000047,"GROUPEMENT HOSPITALIER PORTES DE PROVENCE"
260000054,"CH CREST"
260000088,"CH DE NYONS"
260000096,"CH DE BUIS BARONNIES"
260000104,"CH DE DIE"
260000195,"CLINIQUE PNEUMOLOGIE LES RIEUX ATRIR"
260000260,"CLINIQUE LA PARISIERE"
260003017,"SA CLINIQUE KENNEDY"
260006267,"CLINIQUE GENERALE"
260016910,"HÔPITAUX DROME NORD"
270000060,"CH DE BERNAY"
270000086,"CH DE GISORS"
270000102,"CH DE LA RISLE- PONT AUDEMER"
270000110,"CH DE VERNEUIL"
270000326,"CLINIQUE PASTEUR"
270000862,"CLINIQUE BERGOUIGNAN"
270023724,"CHIC EURE SEINE HÔPITAUX EVREUX-VERNON"
280000134,"CH CHARTRES"
280000159,"CLINIQUE NOTRE DAME DE BON SECOURS"
280000183,"CH VICTOR JOUSSELIN"
280000225,"HL LA LOUPE"
280000449,"POLE MEDICAL MAISON BLANCHE"
280000589,"CH DE NOGENT LE ROTROU"
280500075,"CH DE CHATEAUDUN"
280504689,"CLINIQUE NÉPHROLOGIQUE DE MAISON BLANCHE"
280505777,"HÔPITAL PRIVÉ D'EURE ET LOIR"
290000017,"CHU BREST"
290000041,"CH FERDINAND GRALL LANDERNEAU"
290000074,"CH DOUARNENEZ"
290000090,"HL CROZON"
290000108,"HL LESNEVEN"
290000116,"HL LANMEUR"
290000140,"CLINIQUE PASTEUR-SAINT ESPRIT"
290000207,"CLINIQUE ST MICHEL ET STE ANNE"
290000215,"POLYCLINIQUE QUIMPER SUD"
290000306,"CH QUIMPERLE"
290000728,"HÔPITAL D'INSTRUCTION DES ARMÉES CLERMONT-TONNERRE"
290000751,"HL LE JEUNE ST RENAN"
290000785,"HÔTEL DIEU PONT-L'ABBE"
290000850,"STE BRESTOISE DU REIN ARTIFICIEL"
290000975,"CHM DE ROSCOFF SITE DE PERHARIDY"
290004142,"CLINIQUE DU GRAND LARGE"
290005131,"UNITÉ DIALYSE PLOURIN-LES-MORLAIX AUB"
290005172,"UNITÉ DIALYSE BREST HERMITAGE AUB"
290005230,"UNITÉ DIALYSE DOUARNENEZ - AUB"
290018555,"UNITÉ D'AUTODIALYSE MORLAIX - AUB"
290018563,"UNITÉ DIALYSE QUIMPER KERRADENNEC AUB"
290019777,"POLYCLINIQUE DE KERAUDREN"
290020700,"CHIC DE CORNOUAILLE QUIMPER"
290021070,"UNITÉ D'AUTODIALYSE CONCARNEAU - AUB"
290021542,"CH DES PAYS DE MORLAIX"
290023431,"CENTRE MÉDICO-CHIRURGICAL BAIE DE MORLAIX"
290023779,"UNITÉ DIALYSE CARHAIX AUB"
290023787,"UNITÉ DIALYSE LANDIVISIAU AUB SANTÉ"
290025337,"UNITÉ DIALYSE PLONEOUR LANVERN AUB"
290028539,"UNITÉ DIALYSE LANDERNEAU - AUB"
290029669,"UNITÉ DIALYSE QUIMPER AUB SANTÉ"
290030808,"UNITÉ DIALYSE CROZON AUB SANTÉ"
290032028,"UNITÉ DIALYSE BREST QUESTEL AUB SANTÉ"
290032655,"UNITÉ DIALYSE QUIMPERLE MELLAC AUB"
2A0000014,"CH GAL D'AJACCIO"
2A0000139,"SA CLINISUD"
2A0000154,"CLINIQUE DU SUD DE LA CORSE"
2A0000170,"HL BONIFACIO"
2A0000386,"CHS DE CASTELLUCCIO"
2A0002606,"HL DE SARTENE"
2B0000020,"CH BASTIA"
2B0000079,"CLINIQUE DR FILIPPI"
2B0000392,"POLYCLINIQUE DE FURIANI"
2B0004246,"CHIC DE CORTÉ-TATTONE"
2B0005342,"CH DE CALVI"
2B0005664,"CLINIQUE DE TOGA"
300002508,"CENTRE DE CHIRURGIE AMBULATOIRE DES HAUTS D'AVIGNON"
300007119,"AIDER ALES"
300008588,"NEPHROCARE NIMES"
300008638,"NEPHROCARE BAGNOLS SUR CEZE"
300017209,"KENVAL INSTITUT DE CANCEROLOGIE"
300017431,"AIDER SANTÉ UAD UDM GCS PAAC"
300017498,"CLINIQUE AMBULATOIRE DE LA CEZE"
300780038,"CHU NIMES"
300780046,"CH ALES"
300780053,"CH BAGNOLS SUR CEZE"
300780079,"HL PONT SAINT ESPRIT"
300780087,"HL UZES"
300780095,"HL LE VIGAN"
300780137,"NOUVELLE CLINIQUE BONNEFON"
300780152,"HÔPITAL PRIVÉ LES FRANCISCAINES"
300781010,"CH PONTEILS"
300781465,"CLINIQUE KENNEDY"
300788502,"POLYCLINIQUE DU GRAND SUD"
310026083,"CLINIQUE SAINT-CYPRIEN RIVE GAUCHE"
310780101,"CLINIQUE SAINT JEAN LANGUEDOC"
310780150,"CLINIQUE MEDIPOLE GARONNE"
310780259,"SA CLINIQUE PASTEUR"
310780283,"NOUVELLE CLINIQUE DE L'UNION"
310780309,"POLYCLINIQUE DU PARC"
310780366,"CLINIQUE MONIE"
310780382,"CLINIQUE AMBROISE PARE"
310780671,"CH SAINT-GAUDENS"
310780713,"HÔPITAL REVEL"
310781000,"CLINIQUE DES CEDRES"
310781067,"HÔPITAL JOSEPH DUCUING"
310781406,"CHR TOULOUSE"
310781505,"CLINIQUE D'OCCITANIE"
310781695,"CLINIQUE DE LAGARDELLE"
310782016,"CLINIQUE NÉPHROLOGIQUE SAINT EXUPERY"
310782347,"INSTITUT CLAUDIUS REGAUD"
310786256,"HL DE MURET"
310786389,"CLINIQUE DES PYRENEES"
310794417,"CENTRE NÉPHROLOGIQUE D'OCCITANIE"
320004310,"ÉTABLISSEMENT PUBLIC DE SANTÉ DE LOMAGNE"
320780067,"POLYCLINIQUE DE GASCOGNE"
320780117,"CH AUCH"
320780133,"CH CONDOM"
320780158,"HÔPITAL GIMONT"
320780174,"HÔPITAL LOMBEZ"
320780182,"HÔPITAL MAUVEZIN"
320780208,"HÔPITAL NOGARO"
330000217,"MAISON SANTÉ MARIE GALENE"
330000332,"HÔPITAL SUBURBAIN DU BOUSCAT"
330000340,"MSP BORDEAUX BAGATELLE"
330000662,"INSTITUT BERGONIE"
330017989,"CENTRE D'HEMODIALYSE BORDEAUX RIVE DROITE"
330027509,"CH SUD GIRONDE LANGON-LA REOLE"
330780040,"NOUVELLE CLINIQUE BEL AIR"
330780081,"CLINIQUE SAINT AUGUSTIN"
330780115,"CLINIQUE TIVOLI-DUCOS"
330780206,"CLINIQUE D'ARCACHON"
330780255,"CLINIQUE DU LIBOURNAIS"
330780263,"POLYCLINIQUE BORDEAUX RIVE DROITE"
330780271,"CLINIQUE DU SPORT DE BORDEAUX MERIGNAC"
330780354,"POLYCLINIQUE BORDEAUX CAUDERAN"
330780370,"LES FONTAINES DE MONJOUS - SSR"
330780446,"C.T.M.R. ST AUGUSTIN"
330780453,"CENTRE D'HEMODIALYSE SAINT MARTIN"
330780479,"POLYCLINIQUE BX-NORD AQUITAINE"
330780487,"CLINIQUE OPHTALMOLOGIQUE THIERS"
330780495,"CLINIQUE MUTUALISTE DU MEDOC"
330780503,"HÔPITAL PRIVÉ SAINT-MARTIN"
330780511,"CLINIQUE SAINTE ANNE"
330780529,"CLINIQUE MUTUALISTE DE PESSAC"
330780537,"HÔPITAL PRIVÉ WALLERSTEIN"
330781139,"CRF LA TOUR DE GASSIES"
330781196,"CHU DE BORDEAUX"
330781204,"CH D'ARCACHON"
330781212,"CH DE BAZAS"
330781220,"CH DE LA HAUTE GIRONDE"
330781253,"CH DE LIBOURNE"
330781261,"CH STE FOY LA GRANDE"
330781303,"HÔPITAL D'INSTRUCTION DES ARMÉES ROBERT PICQUE"
330781402,"NOUVELLE CLINIQUE BORDEAUX TONDU"
330782582,"POLYCLINIQUE JEAN VILLAR"
330783374,"CENTRE D'HEMODIALYSE PBNA"
340000025,"INSTITUT SAINT PIERRE"
340000207,"INSTITUT DU CANCER DE MONTPELLIER"
340009539,"CENTRE D'HEMODIALYSE AMBULATOIRE SAINT GUILHEM"
340009885,"POLYCLINIQUE CHAMPEAU"
340009893,"HL BEDARIEUX"
340011295,"LES HÔPITAUX DU BASSIN DE THAU"
340015502,"CLINIQUE LE MILLENAIRE"
340015965,"SAS POLYCLINIQUE SAINT PRIVAT"
340015999,"NEPHROCARE BEZIERS"
340017292,"DIALYSE ST GUILHEM AGDE"
340017490,"NEPHROCARE CASTELNAU LE ROCHET"
340019603,"GCS HEMODIALYSE LAPEYRONIE"
340022979,"POLYCLINIQUE ST ROCH"
340023142,"NEPHROCARE MILLLENAIRE UDM"
340780055,"CH BEZIERS"
340780139,"CLINIQUE DU DR. CAUSSE"
340780147,"POLYCLINIQUE DES 3 VALLEES"
340780154,"POLYCLINIQUE PASTEUR"
340780451,"HL PEZENAS"
340780477,"CHU MONTPELLIER"
340780519,"HL LODEVE"
340780535,"HL LUNEL"
340780543,"HL CLERMONT- L' HERAULT"
340780568,"CLINIQUE DU SOUFFLE LA VALONIE"
340780634,"POLYCLINIQUE SAINT-JEAN"
340780642,"CLINIQUE BEAU SOLEIL"
340780667,"CLINIQUE DU PARC"
340780675,"CLINIQUE CLEMENTVILLE"
340780717,"CLINIQUE SAINT- LOUIS"
340780725,"CLINIQUE VIA DOMITIA POLE DE SANTÉ"
340780741,"POLYCLINIQUE SAINTE THERESE"
340780840,"NEPHROCARE CASTELNAU LE PARC"
340781608,"MSM MAS DE ROCHET"
350000022,"CH ST MALO"
350000030,"CH FOUGERES"
350000048,"CHIC REDON CARENTOIR"
350000055,"CH VITRE"
350000063,"HÔPITAL ST THOMAS DE VILLENEUVE BAIN DE BRETAGNE"
350000071,"HÔPITAL LA PROVIDENCE GARDINER DINARD"
350000089,"HL LA GUERCHE"
350000121,"CH PRIVÉ ST-GREGOIRE"
350000139,"CLINIQUE MUTUALISTE LA SAGESSE RENNES"
350000196,"CLINIQUE DE LA COTE D'EMERAUDE"
350000204,"CLINIQUE ST JOSEPH COMBOURG"
350002192,"POLYCLINIQUE SAINT LAURENT"
350002200,"CLINIQUE ST YVES RENNES"
350002291,"CH DE LA ROCHE AUX FEES JANZE"
350002317,"HL MONTFORT S/ MEU"
350002333,"HL ST MEEN LE GRAND"
350002804,"DIALYSE A DOMICILE AUB SANTÉ"
350002812,"CRLCC E. MARQUIS"
350005021,"POLE GERIATRIQUE RENNAIS"
350005146,"HÔPITAL PRIVÉ SEVIGNE"
350005179,"CHRU DE RENNES"
350030763,"UNITÉ DIALYSE SAINT MALO AUB SANTÉ"
350032934,"UNITÉ DIALYSE PONTCHAILLOU RENNES AUB"
350040044,"UNITÉ DIALYSE BROUSSAIS SAINT MALO AUB"
350041059,"UNITÉ D'AUTODIALYSE DINARD - AUB"
350042131,"UNITÉ DIALYSE REDON - AUB"
350042602,"UNITÉ DIALYSE FOUGERES AUB"
350046751,"UNITÉ DIALYSE MONTGERMONT AUB"
350048518,"CH DES MARCHES DE BRETAGNE"
360000046,"CH LA TOUR BLANCHE ISSOUDUN"
360000053,"CH DE CHATEAUROUX"
360000061,"CH LA CHATRE"
360000129,"CLINIQUE ST FRANCOIS"
360002133,"RE NEPHRO CHATEAUROUX-AV.KENNEDY"
360002232,"CENTRE DE CONVALESCENCE ET DIÉTÉTIQUE MANOIR EN BERRY"
370000051,"CLINIQUE JEANNE D ARC"
370000085,"NCT PLUS SITE SAINT-GATIEN"
370000093,"SAS NOUVELLE CLINIQUE DE TOURS +"
370000481,"CHU DE TOURS"
370000564,"CHIC AMBOISE- CHATEAU RENAULT"
370000606,"CH CHINONAIS"
370000614,"CH LOCHES"
370002701,"CH JEAN PAGES DE LUYNES"
370004327,"HL SAINTE MAURE"
370007569,"PÔLE SANTÉ LÉONARD DE VINCI"
370013286,"GCS CHIRURGIE EN CHINONAIS - ET"
380012658,"GROUPEMENT HOSPITALIER MUTUALISTE DE GRENOBLE"
380013037,"CENTRE ENDOSCOPIE NORD ISERE"
380020123,"CLINIQUE DES COTES DU RHONE"
380780023,"HÔPITAL RHUMATOLOGIQUE URIAGE"
380780031,"CH FABRICE MARCHIOL LA MURE"
380780049,"CH BOURGOIN JALLIEU"
380780056,"CH PONT BEAUVOISIN"
380780072,"CH DE RIVES"
380780080,"CHU GRENOBLE"
380780171,"CHIC VERCORS ISERE"
380780197,"CLINIQUE SAINT VINCENT DE PAUL"
380780213,"CH ST LAURENT DU PONT"
380780288,"CLINIQUE DE CHARTREUSE"
380781435,"CH DE VIENNE"
380784751,"CH VOIRON"
380785956,"CLINIQUE DES CEDRES"
380786442,"CLINIQUE BELLEDONNE"
390780146,"CH JURA SUD"
390780153,"CH LEON BERARD MOREZ"
390780161,"CH LOUIS JAILLON SAINT CLAUDE"
390780559,"CLINIQUE DU JURA"
390780575,"POLYCLINIQUE DU PARC"
390780609,"CH PASTEUR DOLE"
390781193,"MAISON SOINS ADLCA BLETTERANS"
400000261,"INSTITUT HÉLIO-MARIN LABENNE"
400011177,"CHIC MONT DE MARSAN ET PAYS DES SOURCES"
400780193,"CH DAX"
400780268,"CH DE SAINT SEVER"
400780342,"CLINIQUE JEAN LE BON"
400780359,"CLINIQUE DES LANDES"
400782769,"POLYCLINIQUE DE L'ADOUR"
410000087,"CH DE BLOIS"
410000095,"CH VENDOME"
410000103,"CH ROMORANTIN LANTHENAY"
410000111,"HL ST AIGNAN SUR CHER"
410000202,"POLYCLINIQUE DE BLOIS"
410004998,"CLINIQUE DU SAINT COEUR"
420000192,"CLINIQUE MEDICALE BUISSONNIERE"
420002495,"HÔPITAL DU GIER"
420010050,"CLINIQUE MUTUALISTE DE LA LOIRE"
420011413,"HÔPITAL PRIVÉ DE LA LOIRE"
420013492,"INSTITUT DE CANCEROLOGIE DE LA LOIRE"
420013831,"CH DU FOREZ"
420780033,"CH DE ROANNE"
420780504,"CLINIQUE DU PARC"
420780652,"CH DE FIRMINY"
420780736,"CH DE PÉLUSSIN"
420782310,"CLINIQUE DU RENAISON"
420782591,"CLINIQUE NOUVELLE DU FOREZ"
420784878,"CHU SAINT ETIENNE"
430000018,"CH EMILE ROUX LE PUY"
430000034,"CH BRIOUDE"
430000059,"CH CRAPONNE SUR ARZON"
430000067,"CH LANGEAC"
430000091,"CH D'YSSINGEAUX"
430000109,"CLINIQUE BON SECOURS - LE PUY"
430007450,"CENTRE MÉDICAL SPECIALISE LE CHAMBON SUR LIGNON"
440000057,"CH ST-NAZAIRE"
440000289,"CHU DE NANTES"
440000313,"CH CHATEAUBRIANT NOZAY POUANCE"
440000404,"CLINIQUE SAINTE MARIE"
440000412,"CLINIQUE BRETECHE VIAUD"
440000487,"CLINIQUE UROLOGIQUE NANTES ATLANTIS"
440000511,"CLINIQUE JEANNE D'ARC"
440000651,"CLINIQUE SOURDILLE SA"
440001113,"ICO - SITE GAUDUCHEAU"
440002020,"POLYCLINIQUE DE L'EUROPE"
440005080,"DIALYSE ECHO NANTES"
440024982,"AHO CLINIQUE SAINT AUGUSTIN"
440028538,"CHIC DE LA PRESQU'ILE"
440029338,"CLINIQUE MUTUALISTE JULES VERNE"
440029379,"CLINIQUE JULES VERNE"
440033819,"SANTÉ ATLANTIQUE"
440036176,"CENTRE DIALYSE ECHO ST HERBLAIN"
440036499,"CENTRE DIALYSE ECHO REZE"
440039568,"DIALYSE ECHO LA BAULE"
440041531,"CHIC DU PAYS DE RETZ"
440041580,"L'HÔPITAL PRIVÉ DU CONFLUENT"
440042141,"CHIC SEVRE ET LOIRE"
440048700,"ICO SITE SAINT- AUGUSTIN"
440048718,"HÔPITAL DU CONFLUENT-SITE JULES VERNE"
440050433,"CLINIQUE MUTUALISTE DE L'ESTUAIRE"
440050441,"DIALYSE ECHO ST NAZAIRE"
440053643,"CH ERDRE ET LOIRE"
450000088,"CHR ORLEANS"
450000096,"C.H. P. DEZARNAULD DE GIEN"
450000104,"CH AGGLOMERATION MONTARGOISE"
450000112,"CH DE PITHIVIERS"
450000138,"HL BEAUGENCY"
450000153,"HL PIERRE LEBRUN"
450000161,"HL SULLY"
450000237,"CLINIQUE JEANNE D'ARC - GIEN"
450000245,"CLINIQUE L'ARCHETTE"
450000294,"ORELIANCE - REINE BLANCHE"
450000336,"H. PRIVÉ SAINT JEAN DE BRIARE"
450010079,"ORELIANCE - LONGUES ALLEES"
450012935,"CENTRE D'HEMODIALYSE ARCHETTE"
450012968,"CLINIQUE DE MONTARGIS"
450013818,"CENTRE D'HEMODIALYSE J. D'ARC"
450018312,"RE D'HEMODIALYSE LA REINE BLANCHE"
450018460,"CENTRE NÉPHROLOGIQUE DE MONTARGIS"
460006075,"CLINIQUE FONT REDONDE"
460780083,"CH FIGEAC"
460780091,"CH SAINT-CERE"
460780208,"CH GOURDON"
460780216,"CH CAHORS"
460780430,"HÔPITAL GRAMAT"
470000027,"CLINIQUE ESQUIROL - SAINT-HILAIRE"
470000159,"CLINIQUE CALABET"
470000324,"CH POLE DE SANTÉ DU VILLENEUVOIS"
470000381,"CH DEPARTEMENTAL DE LA CANDELIE"
470000407,"CH DE FUMEL"
470001660,"CHIC MARMANDE - TONNEINS"
470016049,"GCS POLE DE SANTÉ DU VILLENEUVOIS"
470016171,"CH AGEN-NERAC"
480780097,"CH MENDE"
480780121,"HL SAINT- CHELY- D'APCHER"
480780139,"HL FLORAC"
480780154,"HL MARVEJOLS"
480780162,"HL LANGOGNE"
490000031,"CHRU ANGERS"
490000155,"ICO - SITE PAUL PAPIN"
490000262,"CLINIQUE SAINT-JOSEPH"
490000395,"CH LA CORNICHE ANGEVINE"
490000403,"CH DE DOUE EN ANJOU"
490000676,"CH CHOLET"
490000700,"SSR PSM VILLAGE SANTÉ ST JOSEPH"
490002037,"POLYCLINIQUE DU PARC"
490004256,"HÔPITAL PRIVÉ BEAUPREAU"
490007499,"CENTRE DIALYSE ECHO ANGERS BOCQUEL"
490007689,"CHIC LYS HYROME"
490007929,"CLINIQUE CHIRURGICALE DE LA LOIRE"
490009008,"CENTRE DIALYSE ECHO CHOLET MARENGO"
490014909,"CLINIQUE DE L'ANJOU"
490015765,"ETS DE SANTÉ BAUGEOIS VALLEE"
490015906,"CLINIQUE SAINT LEONARD"
490017613,"DIALYSE ECHO TRELAZE"
490528452,"CH SAUMUR"
490537818,"CENTRE DIALYSE DIAVERUM ANGERS"
490540440,"CENTRE DE LA MAIN"
500000013,"CH DU COTENTIN"
500000039,"HL CARENTAN"
500000054,"CH AVRANCHES GRANVILLE"
500000062,"HL DE MORTAIN"
500000096,"CH ST HILAIRE DU HARCOUET"
500000104,"HL SAINT JAMES"
500000112,"HÔPITAL MEMORIAL ST LO"
500000138,"HL VILLEDIEU"
500000146,"HÔPITAL PRIVÉ DE LA BAIE"
500000203,"POLYCLINIQUE DE LA MANCHE - SAINT-LO"
500000393,"CH DE COUTANCES"
500000401,"CLINIQUE DR. H. GUILLARD"
500002357,"POLYCLINIQUE DU COTENTIN"
500021316,"CENTRE DE DIALYSE D'AVRANCHES"
500021944,"UNITÉ RADIOTHERAPIE EXTERNE CHERBOURG"
510000029,"CHR DE REIMS"
510000037,"CH CHALONS EN CHAMPAGNE"
510000060,"CH AUBAN MOET A EPERNAY"
510000078,"CH VITRY LE FRANCOIS"
510000102,"CH DE SAINTE MENEHOULD"
510000185,"POLYCLINIQUE COURLANCY - REIMS"
510000193,"POLYCLINIQUE SAINT-ANDRE"
510000227,"POLYCLINIQUE PRIOLLET - CHALONS"
510000243,"CLINIQUE D'EPERNAY"
510000516,"INSTITUT JEAN GODINOT"
510012040,"POLYCLINIQUE LES BLEUETS - REIMS"
520004680,"GCS POLE DE SANTÉ SUD 52 - CH CHAUMONT"
520004714,"GCS POL SANT SUD 52 - CLINIQ COMPASSIO"
520004722,"GCS POLE SANTÉ SUD 52 - CMC CHAUMONT"
520780024,"HL BOURBONNE"
520780032,"CH DE CHAUMONT"
520780040,"HL JOINVILLE"
520780057,"CH DE LANGRES"
520780065,"HL DE MONTIER EN DER"
520780073,"CH DE ST DIZIER"
520780099,"HL DE WASSY"
520780156,"CLINIQUE DE LA COMPASSION"
520780180,"CLINIQUE FRANCOIS 1ER"
520780214,"CENTRE MÉDICO-CHIRURGICAL"
530000025,"CH DU HAUT ANJOU"
530000058,"CH D'ERNEE"
530000066,"CH D'EVRON"
530000074,"CH NORD-MAYENNE"
530000371,"CH LAVAL"
530002898,"CENTRE DIALYSE ECHO LAVAL"
530007202,"CH DU SUD OUEST MAYENNAIS"
530008788,"DIALYSE ECHO MAYENNE"
530031962,"POLYCLINIQUE DU MAINE"
540000049,"CH TOUL"
540000072,"HÔPITAL BACCARAT"
540000080,"CH LUNEVILLE"
540000106,"CH PONT A MOUSSON"
540000361,"CLINIQUE JEANNE D'ARC - LUNEVILL"
540000395,"LES MAISONS HOSPITALIERES SITE NANCY"
540000445,"ESPACE CHIRURGICAL AMBROISE PARE NANCY"
540000452,"CLINIQUE ST ANDRE VANDOEUVRE"
540000478,"CLINIQUE LOUIS PASTEUR"
540000486,"POLYCLINIQUE DE GENTILLY"
540000767,"CH BRIEY"
540001096,"CH DE MT ST MARTIN"
540001104,"HÔPITAL JOEUF"
540001286,"INSTITUT DE CANCEROLOGIE DE LORRAINE"
540013224,"POLYCLINIQUE MAJORELLE"
540014149,"HDJ MAISON HOSP ST CHARLES"
540023264,"CHRU DE NANCY"
550000046,"CH COMMERCY"
550000095,"CHS DE FAINS-VEEL"
550000178,"POLYCLINIQUE DU PARC - BAR-LE-DUC"
550003354,"CH DE BAR-LE-DUC FAINS-VEEL"
550006795,"CH VERDUN/SAINT MIHIEL"
560000044,"CH PLOERMEL"
560000085,"HL YVES LANCO LE PALAIS"
560000184,"CLINIQUE DES AUGUSTINES MALESTROIT"
560000259,"HL GUEMENE SUR SCORFF"
560002065,"HL MALESTROIT"
560002198,"HL LE FAOUET"
560002214,"CH PORT LOUIS"
560002511,"CLINIQUE DU TER"
560002933,"CLINIQUE MUTUALISTE PORTE DE L'ORIENT"
560004004,"UNITÉ DIALYSE LORIENT AUB SANTÉ"
560005746,"GROUPEMENT HOSPITALIER BRETAGNE SUD"
560006348,"UNITÉ DIALYSE KERIO PONTIVY AUB"
560007510,"POLYCLINIQUE DE PONTIVY"
560008799,"CLINIQUE OCEANE"
560009490,"AUTODIALYSE BELLE-ÎLE"
560009508,"AUTODIALYSE AURAY"
560009524,"AUTODIALYSE VANNES"
560014078,"AUTODIALYSE MUZILLAC"
560014128,"AUTODIALYSE PLOERMEL"
560014748,"CH DU CENTRE BRETAGNE"
560023152,"CENTRE D'HEMODIALYSE AMBULATOIRE ECHO"
560023210,"CH BRETAGNE ATLANTIQUE VANNES"
560023848,"UNITÉ DIALYSE KERFRICHANT LORIENT AUB"
570000026,"HÔPITAL SARRALBE"
570000083,"CLINIQUE SAINT NABOR"
570000141,"CHS SARREGUEMINES"
570000158,"CH DE SARREGUEMINES"
570000166,"CENTRE DE GERIATRIE FORBACH SOS SANTÉ"
570000216,"HÔPITAL DE ST AVOLD GROUPE SOS SANTÉ"
570000356,"CLINIQUE CHIRURGICALE AMBROISE PARE"
570000364,"CLINIQUE NOTRE DAME"
570000430,"CH BOULAY"
570000455,"HÔPITAL CHATEAU SALINS"
570000497,"HÔPITAL DIEUZE"
570000513,"CH DE JURY"
570000562,"HÔPITAL MARANGE"
570000596,"HÔPITAL D'INSTRUCTION DES ARMÉES LEGOUEST"
570000646,"HÔPITAL CLINIQUE CLAUDE BERNARD"
570000950,"SAINTE ELISABETH THIONVILLE"
570001057,"HÔPITAL BELLE ISLE METZ"
570001099,"HÔPITAL STE BLANDINE METZ"
570003079,"CENTRE DE GERIATRIE LE KEM"
570005165,"CHR METZ THIONVILLE"
570009670,"HÔPITAL MOYEUVRE GRANDE"
570015099,"CH SARREBOURG"
570025254,"CHIC UNISANTÉ"
570026252,"HÔPITAL ROBERT SCHUMAN"
580780039,"CH DE L'AGGLOMÉRATION DE NEVERS"
580780047,"CH CHATEAU-CHINON"
580780054,"CH LES CYGNES LORMES"
580780070,"CH DE CLAMECY"
580780088,"CH COSNE COURS SUR LOIRE"
580780096,"CH DECIZE"
580780138,"POLYCLINIQUE DU VAL DE LOIRE"
580780195,"CLINIQUE DE COSNE-SUR-LOIRE"
580781136,"CH HENRI DUNANT"
590000188,"CLCC OSCAR LAMBRET LILLE"
590001749,"POLYCLINIQUE DE GRANDE SYNTHE"
590006896,"POLYCLINIQUE DE LA THIERACHE"
590008041,"POLYCLINIQUE VAUBAN"
590034815,"CENTRE D'AUTODIALYSE PONT/SAMBRE"
590049565,"MAISON MEDICALE JEAN XXIII"
590052056,"GCS GHICL CLINIQUE STE MARIE"
590780052,"CH SOMAIN"
590780060,"INSTITUT OPHTALMIQUE"
590780094,"CENTRE LEONARD DE VINCI"
590780193,"CHRU DE LILLE"
590780227,"GROUPEMENT HOSPITALIER SECLIN CARVIN"
590780250,"CLINIQUE LILLE-SUD"
590780268,"POLYCLINIQUE DU BOIS"
590780284,"GCS GHICL HÔPITAL ST PHILIBERT"
590780342,"CLINIQUE AMBROISE PARE"
590780383,"POLYCLINIQUE DE LA LOUVIERE"
590781415,"CH DE DUNKERQUE"
590781571,"CLINIQUE DU CAMBRESIS"
590781605,"CH DE CAMBRAI"
590781621,"CH LE CATEAU-CAMBRESIS"
590781662,"CH DE FOURMIES"
590781670,"CH LE QUESNOY"
590781795,"CH D'AVESNES"
590781803,"CH SAMBRE-AVESNOIS"
590781811,"CH FELLERIES LIESSIES"
590781902,"CH DE TOURCOING"
590781951,"CLINIQUE DU CROISE LAROCHE SA"
590782165,"CH DE DENAIN"
590782207,"CH DE SAINT - AMAND"
590782215,"CH VALENCIENNES"
590782256,"CLINIQUE DES DENTELLIERES"
590782298,"CLINIQUE DU PARC"
590782421,"CH DE ROUBAIX"
590782439,"CH WATTRELOS"
590782496,"CLINIQUE SAINT JEAN"
590782546,"CLINIQUE DE VILLENEUVE D'ASCQ"
590782553,"HÔPITAL PRIVÉ DE VILLENEUVE D'ASCQ"
590782637,"CH ARMENTIERES"
590782645,"CH DE BAILLEUL"
590782652,"CH D'HAZEBROUCK"
590783239,"CH DE DOUAI"
590784484,"NEPHROCARE MAUBEUGE"
590785374,"CLINIQUE TEISSIER"
590788964,"POLYCLINIQUE DU PARC"
590790655,"CLINIQUE CHIRURGICALE ST ROCH"
590797353,"GCS GHICL HÔPITAL SAINT VINCENT"
590806360,"CLINIQUE DE LA MITTERIE"
590810941,"NEPHOCARE MAUBEUGE DIALYSE A DOMICILE"
590811006,"CENTRE D'AUTODIALYSE DE MAUBEUGE"
590813176,"CLINIQUE DES HETRES"
590813382,"SA NOUVELLE CLINIQUE VILLETTE"
590813507,"POLYCLINIQUE VAL DE SAMBRE"
590813747,"CENTRE D'AUTODIALYSE DE FOURMIES"
590815056,"CLINIQUE DE FLANDRE"
590816310,"CLINIQUE ST AME"
590817458,"CLINIQUE DE LA VICTOIRE"
590817839,"POLYCLINIQUE DU VAL DE LYS"
600008643,"CAB GASTRO ENTEROLOGIQUE"
600010862,"SAS CENTRE CHIRURGICAL DE CHANTILLY"
600100168,"CENTRE MÉDICO-CHIRURGICAL"
600100176,"CENTRE DE SOINS DU VALOIS"
600100184,"CLINIQUE LE VALOIS"
600100572,"CH DE CHAUMONT EN VEXIN"
600100648,"CH DE CLERMONT"
600100713,"CH DE BEAUVAIS"
600100721,"CHIC COMPIEGNE-NOYON"
600100754,"POLYCLINIQUE SAINT-COME SA"
600101984,"GROUPEMENT HOSPITALIER PUBLIC DU SUD DE L'OISE"
600110175,"CLINIQUE DU PARC SAINT LAZARE"
610006421,"CLINIQUE D'ALENCON"
610780074,"CH DE L'AIGLE"
610780082,"CH ALENCON"
610780090,"CH ARGENTAN"
610780124,"CH MORTAGNE"
610780140,"HL SEES"
610780165,"CH FLERS"
610780199,"CLINIQUE ST DOMINIQUE"
610790594,"CHIC DES ANDAINES"
620000026,"ÉTABLISSEMENT HOPALE CTRE CALOT/HELIO"
620003350,"HÔPITAL DE RIAUMONT"
620003376,"POLYCLINIQUE MÉDICO-CHIRURGICALE D'HENIN-BEAUMONT"
620006049,"CLINIQUE DE ST OMER"
620024208,"CLINIQUE NÉPHROLOGIQUE DE L'AUDOMAROIS"
620025346,"POLYCLINIQUE DE DIVION"
620026690,"CENTRE J.CURIE GCS PUBLIC PRIVÉ LITTORAL"
620100057,"CH D'ARRAS"
620100099,"HÔPITAL PRIVÉ ARRAS LES BONNETTES"
620100487,"CLINIQUE DES ACACIAS"
620100651,"CH BETHUNE-BEUVRY"
620100677,"CH HENIN-BEAUMONT"
620100685,"CH DE LENS"
620100735,"POLYCLINIQUE DE L'ARTOIS"
620100750,"CLINIQUE AMBROISE PARE"
620101311,"CLINIQUE DES 2 CAPS"
620101337,"CH DE CALAIS"
620101360,"CH REGION DE SAINT-OMER"
620101501,"POLYCLINIQUE DE BOIS-BERNARD SA"
620103432,"CH ARRONDISSEMENT DE MONTREUIL"
620103440,"CH DE BOULOGNE"
620105940,"POLYCLINIQUE DU TERNOIS"
620106088,"CLINIQUE MÉDICO-CHIRURGICALE"
620116046,"SAS CLINIQUE CHIRURGICALE DES 7 VALLEES"
620118513,"CENTRE MÉDICO CHIRURGICAL ET OBSTÉTRICAL COTE D'OPALE"
630000479,"CENTRE REGIONAL JEAN PERRIN"
630005668,"CENTRE D'HÉMODIALYSE AURA ARCHE"
630180032,"CH DU MONT DORE"
630780211,"POLE SANTÉ REPUBLIQUE - CLERMONT"
630780369,"CLINIQUE DE LA PLAINE - CLERMONT"
630780989,"CHU CLERMONT-FERRAND"
630780997,"CH AMBERT"
630781003,"CH ISSOIRE"
630781011,"CH RIOM"
630781029,"CH THIERS"
630781367,"CH BILLOM"
630781821,"CLINIQUE DU GRAND PRE - DURTOL"
630781839,"CLINIQUE CHATAIGNERAIE - BEAUMONT"
630783108,"CLINIQUE DES CHANDIOTS - CLERMONT"
640016580,"CENTRE DE CARDIOLOGIE DU PAYS BASQUE"
640017638,"CH DE SAINT-PALAIS"
640018206,"CLINIQUE BELHARRA"
640780268,"CLINIQUE DELAY"
640780417,"CH COTE BASQUE"
640780490,"CAPIO CLINIQUE AGUILERA"
640780557,"CENTRE MÉDICAL TOKI-EDER"
640780623,"CENTRE MÉDICAL ANNIE ENIA"
640780672,"CLINIQUE MARIENIA"
640780748,"POLYCLINIQUE COTE BASQUE SUD"
640780813,"CH D'ORTHEZ"
640780821,"CH D'OLORON STE MARIE"
640780839,"CH DE MAULEON"
640780938,"POLYCLINIQUE PAU PYRENEES SITE MARZET"
640780946,"POLYCLINIQUE PAU PYRENEES SITE NAVARRE"
640780987,"CLINIQUE D'ORTHEZ"
640781225,"CLINIQUE MEDICALE CARDIOLOGIQUE ARESSY"
640781290,"CH DE PAU"
640781308,"CLINIQUE PRINCESS"
640781332,"NEPHROCARE BEARN-CTRE DIALYSE DU BEARN"
640787156,"CLINIQUE FONDATION LURO"
640789640,"CENTRE D'HEMODIALYSE CLINIQUE DELAY"
650002579,"CLINIQUE ORMEAU PYRENEES"
650780158,"CH LOURDES"
650780166,"CH BAGNERES-DE-BIGORRE"
650780174,"CH LANNEMEZAN"
650780679,"CLINIQUE ORMEAU SITE CENTRE"
650783160,"CH TARBES LOURDES"
660006305,"LA CLINIQUE MUTUALISTE CATALANE"
660009689,"GCS POLE SANITAIRE CERDAN"
660780180,"CH PERPIGNAN"
660780271,"HL PRADES"
660780628,"CLINIQUE DU VALLESPIR"
660780669,"CLINIQUE NOTRE DAME D ESPERANCE"
660780776,"CLINIQUE SAINT MICHEL"
660780784,"CLINIQUE SAINT PIERRE"
660790387,"POLYCLINIQUE SAINT ROCH"
670000033,"CRLCC PAUL STRAUSS DE STRASBOURG"
670000082,"CLINIQUE ADASSA DE STRASBOURG"
670000215,"HÔPITAL MAISON DE RETRAITE LE NEUENBERG"
670002187,"CENTRE D'AUTODIALYSE DE L'AURAL STRASBOURG"
670013325,"CENTRE AUTONOME ENDOSCOPIE DIGESTIVE"
670013341,"ENDOSAV"
670013895,"CENTRE D'AUTODIALYSE AURAL SAVERNE"
670014042,"UGECAM-HDJ DU CTRE READAPTATION COLMAR"
670014455,"CENTRE DE DIALYSE CHRONIQUE STRASBOURG"
670016237,"CLINIQUE SAINTE ODILE STRASBOURG"
670017458,"CLINIQUE RHENA ASSOCIATION"
670017755,"GROUPEMENT HOSPITALIER SELESTAT OBERNAI"
670017862,"GCS CLINIQUE DES DIACONESSES"
670018068,"CLINIQUE RHENA GCS"
670780055,"CHU DE STRASBOURG"
670780170,"CLINIQUE DE L'ORANGERIE STRASB."
670780188,"CLINIQUE SAINTE-BARBE - GHSV"
670780212,"CLINIQUE SAINTE-ANNE - GHSV"
670780337,"CH DE HAGUENAU"
670780345,"CH DE SAVERNE"
670780378,"CLINIQUE SAINT-FRANCOIS HAGUENAU"
670780386,"CLINIQUE SAINTE ODILE HAGUENAU"
670780543,"CH WISSEMBOURG"
670780584,"ETS HOSPITAL. DEP. BISCHWILLER"
670781574,"HEMODIALYSE DIALYSE DOMICILE AURAL SIEGE SOCIAL DE STRASBOURG"
670795921,"UNITÉ D'AUTODIALYSE AURAL HAGUENAU"
670797539,"CLINIQUE DE LA TOUSSAINT - GHSV"
670798636,"CLINIQUE SAINT-LUC - GHSV"
670799667,"AURAL CLINIQUE SAINTE ANNE"
680000320,"CLINIQUE DIACONAT FONDERIE"
680000338,"CENTRE DE DIALYSE DIAVERUM MULHOUSE"
680000411,"CH DE PFASTATT"
680000494,"CLINIQUE DIACONAT ROOSEVELT"
680000882,"CLINIQUE DU DIACONAT COLMAR"
680000973,"CH DE COLMAR"
680001005,"CH DE GUEBWILLER"
680001179,"CH ROUFFACH"
680001195,"HÔPITAL ALBERT SCHWEITZER"
680010824,"UNITÉ D'AUTODIALYSE AURAL COLMAR"
680013778,"UNITÉ D'AUTODIALYSE AURAL MULHOUSE"
680020088,"NOUVELLE CLINIQUE DES TROIS FRONTIERES"
680020336,"GRPE HOSP REGION MULHOUSE ET SUD ALSACE"
690000245,"HÔPITAL DE FOURVIERE"
690000427,"CENTRE MÉDICO-CHIRURGICAL ET DE RÉÉDAPTATIION DES MASSUES"
690000880,"CENTRE LEON BERARD"
690010749,"CHIC THIZY LES BOURGS ET COURS LA VILLE"
690022108,"CENTRE DE DIALYSE BAYARD"
690022959,"HÔPITAL PRIVÉ MERE ENFANT NATECIA"
690023239,"CLINIQUE DU PARC"
690023411,"HÔPITAL PRIVÉ JEAN MERMOZ"
690029186,"ENDO LYON SUD OUEST"
690031455,"CH DE GRANDRIS"
690042080,"HÔPITAL PRIVÉ NATECIA - GYNECOLOGIE"
690780036,"CH MONTGELAS"
690780044,"CH SAINTE FOY LES LYON"
690780069,"CH DE CONDRIEU GABRIEL MONTCHARMONT"
690780093,"HÔPITAL D'INSTRUCTION DES ARMÉES DESGENETTES"
690780150,"HÔPITAL DE L'ARBRESLE"
690780200,"CLINIQUE EMILIE DE VIALAR"
690780226,"CLINIQUE DE LA PART-DIEU"
690780259,"CLINIQUE SAINT-CHARLES"
690780358,"CLINIQUE DU VAL D'OUEST-VENDOME"
690780366,"CLINIQUE CHARCOT"
690780382,"CLINIQUE DU GRAND LARGE"
690780390,"POLYCLINIQUE DE RILLIEUX"
690780416,"GROUPEMENT HOSPITALIER MUTUALISTE LES PORTES DU SUD"
690780499,"NEPHROCARE TASSIN-CHARCOT"
690780648,"CLINIQUE DE LA SAUVEGARDE"
690780655,"HÔPITAL PRIVÉ DE L'EST LYONNAIS"
690780663,"CLINIQUE TRENEL"
690781737,"POLE GERONTOLOGIQUE CROIX-ROUGE - CHARMETTES"
690781810,"HOSPICES CIVILS DE LYON"
690781836,"CLINIQUE MUTUALISTE EUGENE ANDRE"
690782222,"HÔPITAL NORD OUEST - VILLEFRANCHE"
690782230,"CH DE BELLEVILLE"
690782248,"CH DE BEAUJEU"
690782271,"CH DE TARARE-GRANDRIS"
690782834,"CLINIQUE DU TONKIN"
690782925,"CH GERIATRIQUE DU MONT D'OR"
690791082,"CENTRE SPECIALISE LES BRUYERES"
690793468,"INFIRMERIE PROTESTANTE DE LYON"
690805361,"CH ST JOSEPH ST LUC"
690807367,"POLYCLINIQUE DU BEAUJOLAIS"
690807599,"CLINIQUE DE L UNION"
700004591,"GROUPEMENT HOSPITALIER DE LA HAUTE SAONE"
700780026,"CH DU VAL DE SAÔNE GRAY"
700780174,"CLINIQUE ST MARTIN"
710006859,"POLYCLINIQUE DU VAL DE SAONE"
710780214,"CH BRESSE LOUHANNAISE - HLBL"
710780263,"CH LES CHANAUX MACON"
710780644,"CH DU PAYS CHAROLAIS BRIONNAIS"
710780917,"HÔPITAL PRIVÉ SAINTE MARIE"
710780958,"CH WILLIAM MOREY CHALON SUR SAONE"
710781063,"HÔPITAL DU PAYS DUNOIS"
710781089,"CH DU CLUNISOIS"
710781329,"CHS DE SEVREY"
710781360,"CH BELNAY TOURNUS"
710781410,"CLINIQUE DU PARC"
710781451,"CH AUTUN"
710781568,"CH ALIGRE BOURBON-LANCY"
710781592,"CH CHAGNY"
710781824,"CENTRE ORTHOPEDIQUE MEDICO-CHIR"
710976705,"CH JEAN BOUVERI - GALUZOT"
710978347,"HOTEL-DIEU DU CREUSOT"
720000025,"CH LE MANS"
720000066,"CH CHATEAU DU LOIR"
720000140,"CH SAINT-CALAIS"
720000199,"CLINIQUE DU PRE"
720000231,"CLINIQUE DU TERTRE ROUGE"
720000249,"CLINIQUE VICTOR HUGO"
720000389,"CENTRE MÉDICAL GEORGES COULON"
720003441,"CENTRE DIALYSE ECHO LE MANS CH"
720006022,"CH FERTE BERNARD"
720016724,"POLE SANTÉ SARTHE ET LOIR"
720017748,"CENTRE MÉDICO-CHIRURGICAL DU MANS"
720017839,"CENTRE DIALYSE ECHO LE MANS PSS"
730000015,"CH METROPOLE SAVOIE"
730002839,"CHIC ALBERTVILLE MOUTIERS"
730004298,"HÔPITAL PRIVÉ MEDIPOLE DE SAVOIE"
730012499,"GCS CLINIQUE HERBERT"
730780103,"CH VALLEE DE LA MAURIENNE"
730780459,"CLINIQUE HERBERT"
730780525,"CH BOURG SAINT MAURICE"
740001839,"CHIC DES HÔPITAUX DU PAYS DU MONT BLANC"
740014345,"HÔPITAL PRIVÉ PAYS DE SAVOIE"
740780192,"CENTRE MÉDICAL DE PRAZ COUTANT"
740780416,"CLINIQUE DU LAC ET D'ARGONAY"
740780424,"CLINIQUE GENERALE ANNECY"
740780440,"CLINIQUE DES GRANDES ALPES"
740781133,"CH ANNECY-GENEVOIS"
740781190,"CH DUFRESNE SOMMEILLER"
740781208,"CH RUMILLY"
740790258,"CH ALPES-LEMAN"
740790381,"CHIC DU LEMAN"
750000523,"GROUPEMENT HOSPITALIER PARIS SAINT-JOSEPH"
750000549,"FONDATION OPHTALMOLOGIQUE ROTHSCHILD"
750006728,"GROUPEMENT HOSPITALIER DIACONESSES-CROIX SAINT-SIMON"
750055287,"AURA PARIS PLAISANCE"
750110025,"CNO QUINZE VINGTS"
750140014,"CH SAINTE-ANNE"
750150013,"HÔPITAL PIERRE ROUQUES - LES BLUETS"
750150104,"INSTITUT MUTUALISTE MONTSOURIS"
750150146,"HÔPITAL LEOPOLD BELLAN"
750150187,"MAISON MEDICALE JEANNE GARNIER"
750150252,"CLINIQUE EDOUARD RIST"
750150286,"HÔPITAL JEAN JAURÈS"
750150344,"HÔPITAL PRIVÉ COGNACQ-JAY"
750150377,"HÔPITAL HENRY DUNANT"
750160012,"CLCC INSTITUT CURIE"
750300014,"SA CLINIQUE DU LOUVRE"
750300071,"CLINIQUE GEOFFROY ST HILAIRE"
750300089,"CLINIQUE DU SPORT"
750300097,"INSTITUT ARTHUR VERNES"
750300121,"FOND ST JEAN DE DIEU CLINIQUE OUDINOT"
750300139,"CLINIQUE DE L ALMA"
750300154,"CLINIQUE TURIN"
750300360,"HÔPITAL PRIVÉ DES PEUPLIERS"
750300410,"CLINIQUE JEANNE D'ARC"
750300493,"CLINIQUE ARAGO"
750300550,"CLINIQUE SAINTE GENEVIEVE"
750300592,"CLINIQUE BLOMET"
750300667,"MATERNITE SAINTE FELICITE"
750300741,"CLINIQUE VICTOR HUGO"
750300766,"CLINIQUE BIZET"
750300774,"CLINIQUE JOUVENET"
750300840,"CLINIQUE DE LA MUETTE"
750300857,"CLINIQUE REMUSAT"
750300881,"CLINIQUE DU TROCADERO"
750300915,"CLINIQUE INTERNATIONALE PARC MONCEAU"
750300931,"CLINIQUE SAINTE-THERESE"
750301137,"CLINIQUE ALLERAY LABROUSTE"
750301145,"CLINIQUE DU MONT LOUIS"
750301160,"CLINIQUE DES MAUSSINS"
750712184,"AP-HP"
750790164,"CLINIQUE ROOSEVELT"
750810798,"ETABLISEMENT PUBLIC DE SANTÉ FRESNES"
750829053,"CENTRE D'AUTODIALYSE CLINIQUE ALMA"
760000166,"CRLCC HENRI BECQUEREL"
760021329,"HÔPITAL PRIVÉ DE L'ESTUAIRE"
760024042,"CHIC ELBEUF LOUVIERS"
760025312,"CLINIQUE MATHILDE"
760027292,"POLYCLINIQUE MEGIVAL"
760780023,"CH DE DIEPPE"
760780056,"CH DE EU"
760780064,"CH DE NEUFCHATEL EN BRAY"
760780197,"CLINIQUE LES AUBEPINES"
760780205,"CLINIQUE SAINT ANTOINE"
760780239,"CHU ROUEN"
760780254,"HL D'YVETOT"
760780262,"CH DU BELVEDERE"
760780510,"CLINIQUE DU CEDRE"
760780619,"CLINIQUE SAINT HILAIRE"
760780668,"CLINIQUE HEMERA PAYS DE CAUX"
760780726,"GHH LE HAVRE"
760780734,"CHIC DU PAYS DES HAUTES FALAISES"
760780742,"CHIC CAUX VALLEE DE SEINE"
760780783,"CLINIQUE TOUS VENTS"
760780791,"CLINIQUE DES ORMEAUX"
760780825,"CLINIQUE DE L'ABBAYE"
760783035,"HÔPITAL ET IFSI CROIX-ROUGE"
760783159,"CLINIQUE DES ESSARTS"
760921809,"CLINIQUE DE L'EUROPE"
770016087,"CENTRE DIALYSE DIAVERUM MONTEREAU"
770020055,"CENTRE NEPHROCARE MARNE LA VALLEE"
770020477,"HÔPITAL FORCILLES - FONDATION COGNACQ JAY"
770021145,"GRAND HÔPITAL DE L'EST FRANCILIEN"
770021152,"CH SUD SEINE ET MARNE"
770110054,"GRPE HOSPITALIER DU SUD ILE DE FRANCE"
770110070,"CH LEON BINET PROVINS"
770300010,"HÔPITAL PRIVÉ DE MARNE CHANTEREINE"
770300135,"CLINIQUE MÉDICO-CHIRURGICALE LES FONTAINES"
770300143,"POLYCLINIQUE SAINT JEAN"
770300192,"CLINIQUE ST BRICE"
770300275,"POLYCLINIQUE DE LA FORET"
770300283,"CLINIQUE CHIRURGICALE ERMITAGE"
770790707,"CLINIQUE DE TOURNAN"
770813400,"CLINIQUE SAINT FARON"
780001236,"CHIC DE POISSY ST-GERMAIN"
780002697,"CHIC DE MEULAN LES MUREAUX"
780008298,"CLINIQUE SAINT REMY"
780018727,"CLINIQUE SAINT GERMAIN"
780021788,"CH DE LA MAULDRE"
780022737,"POLYCLINIQUE DE MAISONS LAFFITTE"
780110011,"CH FRANCOIS QUESNAY MANTES LA JOLIE"
780110037,"HÔPITAL PLAISIR GRIGNON"
780110052,"CH DE RAMBOUILLET"
780110078,"CH DE VERSAILLES"
780130027,"HL DE HOUDAN"
780150017,"CESSRIN DE MAISONS LAFFITTE"
780150033,"CLAIRE DEMEURE"
780150058,"RÉSIDENCE DENIS FORESTIER"
780150066,"CLINIQUE MEDICALE PORTE VERTE"
780300075,"CENTRE CARDIOLOGIQUE D EVECQUEMONT"
780300125,"POLYCLINIQUE LA REGION MANTAISE"
780300208,"CLINIQUE SAINT LOUIS"
780300323,"CLINIQUE DES FRANCISCAINES"
780300364,"CLINIQUE DU CHATEAU DE LA MAYE"
780300406,"CENTRE MÉDICO-CHIRURGICAL DE PARLY II"
780300414,"CENTRE MÉDICO-CHIRURGICAL EUROPE"
780300422,"HÔPITAL PRIVÉ OUEST"
780300455,"CH PRIVÉ DU MONTGARDE"
780630026,"CENTRE PEDIATRIQUE DES COTES"
790000012,"CH DE NIORT"
790006654,"CHNDS"
790009948,"POLYCLINIQUE INKERMANN"
790019491,"CH GHET MS HAUT VAL DE SEVRE ET MELLOIS"
800000028,"CH D'ABBEVILLE"
800000036,"CH D'ALBERT"
800000044,"CHU D'AMIENS"
800000051,"CH DE CORBIE"
800000069,"CH DE DOULLENS"
800000077,"CH DE HAM"
800000085,"CHIC MONTDIDIER-ROYE"
800000093,"CH DE PERONNE"
800000135,"CHIC DE LA BAIE DE SOMME"
800002503,"SA SAINTE ISABELLE"
800009466,"POLYCLINIQUE DE PICARDIE"
800009920,"SA CLINIQUE VICTOR PAUCHET"
800013179,"SAS CLINIQUE DE L'EUROPE"
800015729,"SAS CARDIOLOGIE ET URGENCES"
800018491,"CCO SOPP AMIENS"
810000224,"CENTRE MÉDICO CHIRURGICAL ET OBSTÉTRICAL CLAUDE BERNARD"
810000331,"CH ALBI"
810000349,"CH GAILLAC"
810000380,"CHIC CASTRES-MAZAMET"
810000398,"HÔPITAL GRAULHET"
810000448,"POLYCLINIQUE SAINTE BARBE"
810000455,"CH LAVAUR"
810101170,"CLINIQUE TOULOUSE LAUTREC"
810101444,"CLINIQUE DU SIDOBRE"
820000016,"CH MONTAUBAN"
820000040,"CLINIQUE CROIX SAINT MICHEL"
820000057,"CLINIQUE DU PONT DE CHAUME"
820000065,"CLINIQUE DU DOCTEUR CAVE"
820004950,"CHIC CASTELSARRASIN-MOISSAC"
830012688,"CENTRE NÉPHROLOGIQUE LES FLEURS"
830100103,"CLINIQUE STE MARGUERITE"
830100251,"CLINIQUE DU CAP D'OR"
830100319,"POLYCLINIQUE LES FLEURS"
830100327,"CLINIQUE LES LAURIERS"
830100368,"CLINIQUE CHIRURGICALE DU GOLFE DE SAINT TROPEZ"
830100392,"POLYCLINIQUE NOTRE DAME"
830100418,"CLINIQUE NOTRE DAME DE LA MERCI"
830100434,"CLINIQUE SAINT JEAN"
830100459,"CLINIQUE SAINT MICHEL"
830100475,"CLINIQUE SAINT ROCH"
830100517,"CH DE BRIGNOLES"
830100525,"CH DE DRAGUIGNAN"
830100533,"CH DE HYERES"
830100566,"CHIC FREJUS"
830100574,"HÔPITAL D'INSTRUCTION DES ARMÉES SAINTE-ANNE"
830100590,"CH DE ST-TROPEZ"
830100616,"CHIC TOULON"
830100855,"CENTRE DE GÉRONTOLOGIE ST.FRANCOIS"
830200523,"POLYCLINIQUE HENRI MALARTIC"
830215687,"DIAVERUM DRAGUIGNAN CENTRE DE DIALYSE"
840000012,"CH DU PAYS D'APT"
840000046,"CH DE CARPENTRAS"
840000061,"CH DE GORDES"
840000079,"CH ISLE SUR LA SORGUE"
840000087,"CH LOUIS GIORGI D'ORANGE"
840000103,"HL DE SAULT"
840000111,"CH VAISON LA ROMAINE"
840000129,"CH DE VALREAS"
840000285,"POLYCLINIQUE URBAIN V"
840000327,"CLINIQUE DU DR MONTAGARD"
840000350,"CLINIQUE SAINTE CATHERINE"
840000400,"SYNERGIA LUBERON"
840000467,"CAPIO CLINIQUE D'ORANGE"
840004659,"CHIC CAVAILLON-LAURIS"
840006597,"CH HENRI DUFFAUT AVIGNON"
840007850,"ATIR CENTRE DE DIALYSE"
840011043,"CENTRE D'HEMODIALYSE DE L'ATIR"
840012538,"ATIR AUTODIALYSE ISLE SUR SORGUE"
840012546,"ATIR AUTODIALYSE ORANGE"
840013312,"CLINIQUE RHONE DURANCE"
840013445,"CLINIQUE FONTVERT ST FRANCOIS"
840017172,"SYNERGIA VENTOUX"
840017222,"ATIR CENTRE D'HÉMODIALYSE"
840017230,"AUTODIALYSE ATIR CH CARPENTRAS"
840017461,"HEMODIALYSE ATIR CH ORANGE"
840018774,"ATIR UNITE DIALYSE MEDIC CAVAILLON"
840019053,"GCS UNITE SENOLOGIQUE VENTOUX"
850000019,"CHD VENDEE"
850000035,"CH DE FONTENAY LE COMTE"
850000043,"CH DUMONTE"
850000084,"CH COTE DE LUMIERE"
850000118,"CLINIQUE SAINT CHARLES"
850000126,"CLINIQUE SUD VENDEE"
850000134,"CLINIQUE CHIRURGICALE PORTE OCEANE"
850009010,"CH LOIRE VENDEE OCEAN"
850009333,"DIALYSE ECHO LA ROCHE SUR YON"
850011271,"DIALYSE ECHO CHALLANS"
850022047,"DIALYSE ECHO ILE D'YEU"
850023151,"DIALYSE ECHO FONTENAY LE COMTE"
850025156,"CENTRE DIALYSE ECHO OLONNES SUR MER"
850025867,"CH DES COLLINES VENDEENNES"
860010321,"POLYCLINIQUE DE POITIERS"
860013382,"GROUPEMENT HOSPITALIER NORD-VIENNE"
860014208,"CHU DE POITIERS"
860780311,"CLINIQUE DE CHATELLERAULT"
860780568,"CLINIQUE FIEF DE GRIMOIRE"
870000015,"CHU LIMOGES"
870000023,"CH ST JUNIEN"
870000031,"CH J BOUTARD ST YRIEIX"
870000080,"UNITÉ DE DIALYSE LIMOGES BUISSON"
870000288,"CLINIQUE FRANÇOIS CHENIEUX"
870000411,"CLINIQUE EMAILLEURS-COLOMBIER LIMOGES"
870014248,"CHIC MONTS ET BARRAGES"
870014503,"CHIC DU HAUT-LIMOUSIN"
880007059,"CHIC EMILE DURKHEIM EPINAL"
880007299,"CHIC DE L'OUEST VOSGIEN"
880780069,"CH GERARDMER"
880780077,"CH SAINT DIE"
880780093,"CH REMIREMONT"
880780259,"HL BRUYERES"
880780325,"HL FRAIZE"
880780333,"HL LAMARCHE"
880788591,"POLYCLINIQUE LA LIGNE BLEUE"
890000037,"CH AUXERRE"
890000052,"CHS D'AUXERRE"
890000169,"CLINIQUE PAUL PICQUET SENS"
890000409,"CH D'AVALLON"
890000417,"CH DE JOIGNY"
890000433,"CH DU TONNERROIS"
890002389,"POLYCLINIQUE STE MARGUERITE AUXERRE"
890970569,"CH SENS"
900000035,"HÔPITAL PRIVÉ DE LA MIOTTE"
900000365,"HÔPITAL NORD FRANCHE COMTE"
910002609,"CENTRE D'HEMODIALYSE D'ATHIS"
910002773,"CH SUD-FRANCILIEN"
910009349,"CENTRE D'HEMODIALYSE D ETAMPES"
910015965,"CLINIQUE LE MOULIN DE VIRY"
910019447,"CHIC SUD ESSONNE-DOURDAN-ETAMPES"
910110014,"CH D'ARPAJON"
910110055,"GROUPEMENT HOSPITALIER NORD ESSONNE"
910110063,"CH D'ORSAY"
910150010,"CH F.H. MANHES"
910150028,"CH DE BLIGNY"
910150069,"HÔPITAL LES MAGNOLIAS"
910300011,"CLINIQUE DES CHARMILLES"
910300029,"HÔPITAL D ATHIS MONS SITE JULES VALLES"
910300060,"CLINIQUE GERIATRIQUE LES VALLEES"
910300144,"CENTRE MÉDICO-CHIRURGICAL ET OBST"
910300177,"CLINIQUE DE L'YVETTE"
910300219,"HÔPITAL PRIVÉ JACQUES CARTIER"
910300300,"HÔPITAL PRIVÉ DU VAL D'YERRES"
910300326,"CLINIQUE PASTEUR"
910300359,"HÔPITAL PRIVÉ D ATHIS MONS"
910500040,"GH LES CHEMINOTS CENTRE MOYEN SEJOUR"
910803543,"CH PRIVÉ CLAUDE GALIEN"
910805357,"CLINIQUE DE L ESSONNE"
910813732,"CLCC DE PROTONTHERAPIE ORSAY"
910813963,"UNITÉ D'AUTODIALYSE DE BIEVRES"
920000460,"CLCC RENE HUGUENIN INSTITUT CURIE"
920000635,"HÔPITAL SUISSE DE PARIS"
920000643,"INSTITUT HOSPITALIER FRANCO-BRITANIQUE - SITE KLEBER"
920000650,"HÔPITAL FOCH"
920000684,"CENTRE CHIRURGICAL MARIE LANNELONGUE"
920008539,"HÔPITAL AMERICAIN 2"
920009909,"CH DES QUATRE VILLES"
920026374,"CH RIVES DE SEINE"
920110020,"CASH DE NANTERRE"
920110053,"CH DEPARTEMENTAL STELL"
920120011,"HÔPITAL D'INSTRUCTION DES ARMÉES PERCY"
920300043,"HÔPITAL PRIVÉ D ANTONY"
920300183,"CENTRE CHIRURGICAL DES PRINCES"
920300191,"C.C.B.B. MARCEL SEMBAT"
920300266,"CLINIQUE DU PLATEAU"
920300365,"CLINIQUE LA MONTAGNE"
920300415,"CLINIQUE LAMBERT"
920300597,"CLINIQUE DE MEUDON LA FORET"
920300712,"CENTRE CHIRURGICAL P. CHEREST"
920300753,"CENTRE CHIRURGICAL AMBROISE PARE"
920300761,"CLINIQUE HARTMANN"
920300787,"HÔPITAL AMERICAIN"
920300837,"CLINIQUE LES MARTINETS"
920300845,"MAISON MEDICALE N.D. DU LAC RUEIL"
920300936,"CENTRE CHIRURGICAL VAL D'OR"
920301033,"CENTRE CANCEROLOGIE DE LA PORTE ST CLOUD"
920803798,"CLINIQUE DE LA DEFENSE"
920811775,"UNITÉ D'AUTODIALYSE DE SURESNES"
930014428,"CENTRE DE DIALYSE DE L'ESTREE"
930021480,"GHI LE RAINCY-MONTFERMEIL"
930022603,"CENTRE DE DIALYSE DE MONTFERMEIL"
930110036,"CH ANDRE GREGOIRE"
930110051,"CH DE ST DENIS"
930110069,"CH ROBERT BALLANGER"
930150032,"MATERNITE DES LILAS"
930300025,"HÔPITAL EUROPEEN LA ROSERAIE"
930300066,"HÔPITAL PRIVÉ DE L EST PARISIEN"
930300082,"CENTRE CHIRURGICAL FLOREAL"
930300116,"HÔPITAL PRIVÉ DE SEINE ST DENIS"
930300264,"CLINIQUE LES LILAS"
930300298,"POLYCLINIQUE VAUBAN"
930300553,"CLINIQUE DE L'ESTREE"
930300587,"CLINIQUE DU LANDY"
930300595,"CLINIQUE DU VERT GALANT"
930300629,"CLINIQUE DE LA DHUYS"
930300645,"CENTRE CARDIOLOGIQUE DU NORD"
940000078,"UNITÉ D'AUTODIALYSE DE CRETEIL"
940000649,"HÔPITAL SAINT-CAMILLE"
940000656,"CLCC HÔPITAL GUSTAVE ROUSSY"
940000664,"INSTITUT GUSTAVE ROUSSY"
940006679,"HÔPITAL PRIVÉ DE MARNE-LA-VALLÉE"
940016819,"LES HÔPITAUX DE SAINT-MAURICE"
940110018,"CHIC DE CRETEIL"
940110042,"CHIC DE VILLENEUVE ST GEORGES"
940120017,"HÔPITAL D'INSTRUCTION DES ARMÉES BEGIN"
940300031,"HÔPITAL PRIVÉ PAUL D'EGINE"
940300163,"CLINIQUE LES TOURNELLES"
940300270,"HÔPITAL PRIVÉ ARMAND BRILLARD"
940300379,"CLINIQUE GASTON METIVET"
940300445,"CLINIQUE DU SUD"
940300452,"CLINIQUE MEDICALE DE DIETETIQUE"
940300494,"POLYCLINIQUE DE VILLENEUVE ST GEORGES"
940300551,"HÔPITAL PRIVÉ DE VITRY SITE NORIETS"
940300569,"HÔPITAL PRIVÉ DE VITRY SITE PASTEUR"
940813017,"UNITÉ D'AUTODIALYSE DE VILLEJUIF"
940813033,"CLINIQUE DE BERCY"
950000406,"HÔPITAL FONDATION CHANTEPIE MANCIER"
950001370,"GH CARNELLE-PORTES DE L'OISE"
950013870,"GHEM EAUBONNE MONTMORENCY SIMONE VEIL"
950015289,"GROUPEMENT HOSPITALIER INTERCOMMUNAL DU VEXIN"
950032714,"CLINIQUE AMBULATOIRE DE DOMONT"
950110015,"CH VICTOR DUPOUY ARGENTEUIL"
950110049,"CH DE GONESSE"
950110080,"HÔPITAL NOVO"
950300095,"POLYCLINIQUE DU PLATEAU"
950300152,"CLINIQUE MIRABEAU"
950300202,"CLINIQUE CONTI"
950300244,"CH PRIVÉ SAINTE MARIE"
950300277,"HÔPITAL PRIVÉ NORD PARISIEN"
950300301,"CLINIQUE MEDICALE DU PARC ST OUEN"
950300350,"CLINIQUE DU PARISIS"
950630012,"CENTRE THÉRAPEUTIQUE PEDIATRIQUE MARGENCY"
950807982,"CLINIQUE CLAUDE BERNARD"
970100012,"POLYCLINIQUE DE LA GUADELOUPE"
970100020,"CENTRE MEDICO-SOCIAL"
970100111,"LES NOUVELLES EAUX VIVES"
970100137,"POLYCLINIQUE SAINT-CHRISTOPHE"
970100160,"HL IRÉNÉE DE BRUYN"
970100178,"CH DE LA BASSE TERRE"
970100186,"CH LOUIS CONSTANT FLEMING"
970100202,"CH SAINTE-MARIE"
970100228,"CHU DE LA GUADELOUPE"
970102596,"CLINIQUE DE CHOISY"
970103099,"CLINIQUE LES NOUVELLES EAUX-MARINES"
970107249,"CLINIQUE LES EAUX CLAIRES"
970107454,"A.U.D.R.A."
970111662,"GGCO"
970111688,"GGCO"
970202156,"HÔPITAL DU MARIN"
970202164,"HÔPITAL DE SAINT-ESPRIT"
970202313,"CLINIQUE SAINT PAUL"
970202321,"SA CLINIQUE SAINTE MARIE"
970203774,"STEER SARL"
970209219,"E.T.E.E.R."
970211207,"CHU DE MARTINIQUE"
970300265,"CENTRE MÉDICO-CHIRURGICAL DE KOUROU"
970302022,"CH DE CAYENNE"
970302055,"HÔPITAL PRIVÉ SAINT-GABRIEL"
970302071,"CLINIQUE SAINT-PAUL"
970302121,"CH FRANK JOLY"
970403606,"GH EST REUNION"
970404018,"CENTRE D'HEMODIALYSE MG DURIEUX"
970404109,"INSTITUT ROBERT DEBRE"
970404158,"CENTRE UDM-UAD"
970404844,"CLINIQUE SAINT-VINCENT"
970405064,"CENTRE"
970405411,"SODIA DELPRA"
970405452,"SODIA JEANNE D'ARC"
970408589,"CHU DE LA REUNION"
970421038,"CH OUEST REUNION"
970462024,"CLINIQUE JEANNE D'ARC"
970462073,"CLINIQUE DURIEUX"
970462081,"CLINIQUE LES ORCHIDEES"
970462107,"CLINIQUE SAINTE CLOTILDE"
970466751,"SARL AVICENNE"
970500005,"CENTRE HOSPITALIER FRANÇOIS DUNAN"
980500003,"CH DE MAYOTTE"
980500763,"UNITÉ D'AUTODIALYSE MAMOUDZOU"
